"id","psgcCode","citymunDesc","regDesc","provCode","citymunCode"
"1","1380100000","City of Caloocan","13","1375","137501"
"2","1380200000","City of Las Piñas","13","1376","137601"
"3","1380300000","City of Makati","13","1376","137602"
"4","1380400000","City of Malabon","13","1375","137502"
"5","1380500000","City of Mandaluyong","13","1374","137401"
"6","1380600000","City of Manila","13","1339","133900"
"7","1380601000","Tondo I/II","13","1339","133901"
"8","1380602000","Binondo","13","1339","133902"
"9","1380603000","Quiapo","13","1339","133903"
"10","1380604000","San Nicolas","13","1339","133904"
"11","1380605000","Santa Cruz","13","1339","133905"
"12","1380606000","Sampaloc","13","1339","133906"
"13","1380607000","San Miguel","13","1339","133907"
"14","1380608000","Ermita","13","1339","133908"
"15","1380609000","Intramuros","13","1339","133909"
"16","1380610000","Malate","13","1339","133910"
"17","1380611000","Paco","13","1339","133911"
"18","1380612000","Pandacan","13","1339","133912"
"19","1380613000","Port Area","13","1339","133913"
"20","1380614000","Santa Ana","13","1339","133914"
"21","1380700000","City of Marikina","13","1374","137402"
"22","1380800000","City of Muntinlupa","13","1376","137603"
"23","1380900000","City of Navotas","13","1375","137503"
"24","1381000000","City of Parañaque","13","1376","137604"
"25","1381100000","Pasay City","13","1376","137605"
"26","1381200000","City of Pasig","13","1374","137403"
"27","1381300000","Quezon City","13","1374","137404"
"28","1381400000","City of San Juan","13","1374","137405"
"29","1381500000","City of Taguig","13","1376","137607"
"30","1381600000","City of Valenzuela","13","1375","137504"
"31","1381701000","Pateros","13","1376","137606"
"32","1400101000","Bangued ","14","1401","140101"
"33","1400102000","Boliney","14","1401","140102"
"34","1400103000","Bucay","14","1401","140103"
"35","1400104000","Bucloc","14","1401","140104"
"36","1400105000","Daguioman","14","1401","140105"
"37","1400106000","Danglas","14","1401","140106"
"38","1400107000","Dolores","14","1401","140107"
"39","1400108000","La Paz","14","1401","140108"
"40","1400109000","Lacub","14","1401","140109"
"41","1400110000","Lagangilang","14","1401","140110"
"42","1400111000","Lagayan","14","1401","140111"
"43","1400112000","Langiden","14","1401","140112"
"44","1400113000","Licuan-Baay","14","1401","140113"
"45","1400114000","Luba","14","1401","140114"
"46","1400115000","Malibcong","14","1401","140115"
"47","1400116000","Manabo","14","1401","140116"
"48","1400117000","Peñarrubia","14","1401","140117"
"49","1400118000","Pidigan","14","1401","140118"
"50","1400119000","Pilar","14","1401","140119"
"51","1400120000","Sallapadan","14","1401","140120"
"52","1400121000","San Isidro","14","1401","140121"
"53","1400122000","San Juan","14","1401","140122"
"54","1400123000","San Quintin","14","1401","140123"
"55","1400124000","Tayum","14","1401","140124"
"56","1400125000","Tineg","14","1401","140125"
"57","1400126000","Tubo","14","1401","140126"
"58","1400127000","Villaviciosa","14","1401","140127"
"59","1401101000","Atok","14","1411","141101"
"60","1401103000","Bakun","14","1411","141103"
"61","1401104000","Bokod","14","1411","141104"
"62","1401105000","Buguias","14","1411","141105"
"63","1401106000","Itogon","14","1411","141106"
"64","1401107000","Kabayan","14","1411","141107"
"65","1401108000","Kapangan","14","1411","141108"
"66","1401109000","Kibungan","14","1411","141109"
"67","1401110000","La Trinidad ","14","1411","141110"
"68","1401111000","Mankayan","14","1411","141111"
"69","1401112000","Sablan","14","1411","141112"
"70","1401113000","Tuba","14","1411","141113"
"71","1401114000","Tublay","14","1411","141114"
"72","1402701000","Banaue","14","1427","142701"
"73","1402702000","Hungduan","14","1427","142702"
"74","1402703000","Kiangan","14","1427","142703"
"75","1402704000","Lagawe ","14","1427","142704"
"76","1402705000","Lamut","14","1427","142705"
"77","1402706000","Mayoyao","14","1427","142706"
"78","1402707000","Alfonso Lista","14","1427","142707"
"79","1402708000","Aguinaldo","14","1427","142708"
"80","1402709000","Hingyon","14","1427","142709"
"81","1402710000","Tinoc","14","1427","142710"
"82","1402711000","Asipulo","14","1427","142711"
"83","1403201000","Balbalan","14","1432","143201"
"84","1403206000","Lubuagan","14","1432","143206"
"85","1403208000","Pasil","14","1432","143208"
"86","1403209000","Pinukpuk","14","1432","143209"
"87","1403211000","Rizal","14","1432","143211"
"88","1403213000","City of Tabuk ","14","1432","143213"
"89","1403214000","Tanudan","14","1432","143214"
"90","1403215000","Tinglayan","14","1432","143215"
"91","1404401000","Barlig","14","1444","144401"
"92","1404402000","Bauko","14","1444","144402"
"93","1404403000","Besao","14","1444","144403"
"94","1404404000","Bontoc ","14","1444","144404"
"95","1404405000","Natonin","14","1444","144405"
"96","1404406000","Paracelis","14","1444","144406"
"97","1404407000","Sabangan","14","1444","144407"
"98","1404408000","Sadanga","14","1444","144408"
"99","1404409000","Sagada","14","1444","144409"
"100","1404410000","Tadian","14","1444","144410"
"101","1408101000","Calanasan","14","1481","148101"
"102","1408102000","Conner","14","1481","148102"
"103","1408103000","Flora","14","1481","148103"
"104","1408104000","Kabugao ","14","1481","148104"
"105","1408105000","Luna","14","1481","148105"
"106","1408106000","Pudtol","14","1481","148106"
"107","1408107000","Santa Marcela","14","1481","148107"
"108","1430300000","City of Baguio","14","1411","141102"
"109","0102801000","Adams","01","0128","012801"
"110","0102802000","Bacarra","01","0128","012802"
"111","0102803000","Badoc","01","0128","012803"
"112","0102804000","Bangui","01","0128","012804"
"113","0102805000","City of Batac","01","0128","012805"
"114","0102806000","Burgos","01","0128","012806"
"115","0102807000","Carasi","01","0128","012807"
"116","0102808000","Currimao","01","0128","012808"
"117","0102809000","Dingras","01","0128","012809"
"118","0102810000","Dumalneg","01","0128","012810"
"119","0102811000","Banna","01","0128","012811"
"120","0102812000","City of Laoag ","01","0128","012812"
"121","0102813000","Marcos","01","0128","012813"
"122","0102814000","Nueva Era","01","0128","012814"
"123","0102815000","Pagudpud","01","0128","012815"
"124","0102816000","Paoay","01","0128","012816"
"125","0102817000","Pasuquin","01","0128","012817"
"126","0102818000","Piddig","01","0128","012818"
"127","0102819000","Pinili","01","0128","012819"
"128","0102820000","San Nicolas","01","0128","012820"
"129","0102821000","Sarrat","01","0128","012821"
"130","0102822000","Solsona","01","0128","012822"
"131","0102823000","Vintar","01","0128","012823"
"132","0102901000","Alilem","01","0129","012901"
"133","0102902000","Banayoyo","01","0129","012902"
"134","0102903000","Bantay","01","0129","012903"
"135","0102904000","Burgos","01","0129","012904"
"136","0102905000","Cabugao","01","0129","012905"
"137","0102906000","City of Candon","01","0129","012906"
"138","0102907000","Caoayan","01","0129","012907"
"139","0102908000","Cervantes","01","0129","012908"
"140","0102909000","Galimuyod","01","0129","012909"
"141","0102910000","Gregorio del Pilar","01","0129","012910"
"142","0102911000","Lidlidda","01","0129","012911"
"143","0102912000","Magsingal","01","0129","012912"
"144","0102913000","Nagbukel","01","0129","012913"
"145","0102914000","Narvacan","01","0129","012914"
"146","0102915000","Quirino","01","0129","012915"
"147","0102916000","Salcedo","01","0129","012916"
"148","0102917000","San Emilio","01","0129","012917"
"149","0102918000","San Esteban","01","0129","012918"
"150","0102919000","San Ildefonso","01","0129","012919"
"151","0102920000","San Juan","01","0129","012920"
"152","0102921000","San Vicente","01","0129","012921"
"153","0102922000","Santa","01","0129","012922"
"154","0102923000","Santa Catalina","01","0129","012923"
"155","0102924000","Santa Cruz","01","0129","012924"
"156","0102925000","Santa Lucia","01","0129","012925"
"157","0102926000","Santa Maria","01","0129","012926"
"158","0102927000","Santiago","01","0129","012927"
"159","0102928000","Santo Domingo","01","0129","012928"
"160","0102929000","Sigay","01","0129","012929"
"161","0102930000","Sinait","01","0129","012930"
"162","0102931000","Sugpon","01","0129","012931"
"163","0102932000","Suyo","01","0129","012932"
"164","0102933000","Tagudin","01","0129","012933"
"165","0102934000","City of Vigan ","01","0129","012934"
"166","0103301000","Agoo","01","0133","013301"
"167","0103302000","Aringay","01","0133","013302"
"168","0103303000","Bacnotan","01","0133","013303"
"169","0103304000","Bagulin","01","0133","013304"
"170","0103305000","Balaoan","01","0133","013305"
"171","0103306000","Bangar","01","0133","013306"
"172","0103307000","Bauang","01","0133","013307"
"173","0103308000","Burgos","01","0133","013308"
"174","0103309000","Caba","01","0133","013309"
"175","0103310000","Luna","01","0133","013310"
"176","0103311000","Naguilian","01","0133","013311"
"177","0103312000","Pugo","01","0133","013312"
"178","0103313000","Rosario","01","0133","013313"
"179","0103314000","City of San Fernando ","01","0133","013314"
"180","0103315000","San Gabriel","01","0133","013315"
"181","0103316000","San Juan","01","0133","013316"
"182","0103317000","Santo Tomas","01","0133","013317"
"183","0103318000","Santol","01","0133","013318"
"184","0103319000","Sudipen","01","0133","013319"
"185","0103320000","Tubao","01","0133","013320"
"186","0105501000","Agno","01","0155","015501"
"187","0105502000","Aguilar","01","0155","015502"
"188","0105503000","City of Alaminos","01","0155","015503"
"189","0105504000","Alcala","01","0155","015504"
"190","0105505000","Anda","01","0155","015505"
"191","0105506000","Asingan","01","0155","015506"
"192","0105507000","Balungao","01","0155","015507"
"193","0105508000","Bani","01","0155","015508"
"194","0105509000","Basista","01","0155","015509"
"195","0105510000","Bautista","01","0155","015510"
"196","0105511000","Bayambang","01","0155","015511"
"197","0105512000","Binalonan","01","0155","015512"
"198","0105513000","Binmaley","01","0155","015513"
"199","0105514000","Bolinao","01","0155","015514"
"200","0105515000","Bugallon","01","0155","015515"
"201","0105516000","Burgos","01","0155","015516"
"202","0105517000","Calasiao","01","0155","015517"
"203","0105518000","City of Dagupan","01","0155","015518"
"204","0105519000","Dasol","01","0155","015519"
"205","0105520000","Infanta","01","0155","015520"
"206","0105521000","Labrador","01","0155","015521"
"207","0105522000","Lingayen ","01","0155","015522"
"208","0105523000","Mabini","01","0155","015523"
"209","0105524000","Malasiqui","01","0155","015524"
"210","0105525000","Manaoag","01","0155","015525"
"211","0105526000","Mangaldan","01","0155","015526"
"212","0105527000","Mangatarem","01","0155","015527"
"213","0105528000","Mapandan","01","0155","015528"
"214","0105529000","Natividad","01","0155","015529"
"215","0105530000","Pozorrubio","01","0155","015530"
"216","0105531000","Rosales","01","0155","015531"
"217","0105532000","City of San Carlos","01","0155","015532"
"218","0105533000","San Fabian","01","0155","015533"
"219","0105534000","San Jacinto","01","0155","015534"
"220","0105535000","San Manuel","01","0155","015535"
"221","0105536000","San Nicolas","01","0155","015536"
"222","0105537000","San Quintin","01","0155","015537"
"223","0105538000","Santa Barbara","01","0155","015538"
"224","0105539000","Santa Maria","01","0155","015539"
"225","0105540000","Santo Tomas","01","0155","015540"
"226","0105541000","Sison","01","0155","015541"
"227","0105542000","Sual","01","0155","015542"
"228","0105543000","Tayug","01","0155","015543"
"229","0105544000","Umingan","01","0155","015544"
"230","0105545000","Urbiztondo","01","0155","015545"
"231","0105546000","City of Urdaneta","01","0155","015546"
"232","0105547000","Villasis","01","0155","015547"
"233","0105548000","Laoac","01","0155","015548"
"234","0200901000","Basco ","02","0209","020901"
"235","0200902000","Itbayat","02","0209","020902"
"236","0200903000","Ivana","02","0209","020903"
"237","0200904000","Mahatao","02","0209","020904"
"238","0200905000","Sabtang","02","0209","020905"
"239","0200906000","Uyugan","02","0209","020906"
"240","0201501000","Abulug","02","0215","021501"
"241","0201502000","Alcala","02","0215","021502"
"242","0201503000","Allacapan","02","0215","021503"
"243","0201504000","Amulung","02","0215","021504"
"244","0201505000","Aparri","02","0215","021505"
"245","0201506000","Baggao","02","0215","021506"
"246","0201507000","Ballesteros","02","0215","021507"
"247","0201508000","Buguey","02","0215","021508"
"248","0201509000","Calayan","02","0215","021509"
"249","0201510000","Camalaniugan","02","0215","021510"
"250","0201511000","Claveria","02","0215","021511"
"251","0201512000","Enrile","02","0215","021512"
"252","0201513000","Gattaran","02","0215","021513"
"253","0201514000","Gonzaga","02","0215","021514"
"254","0201515000","Iguig","02","0215","021515"
"255","0201516000","Lal-Lo","02","0215","021516"
"256","0201517000","Lasam","02","0215","021517"
"257","0201518000","Pamplona","02","0215","021518"
"258","0201519000","Peñablanca","02","0215","021519"
"259","0201520000","Piat","02","0215","021520"
"260","0201521000","Rizal","02","0215","021521"
"261","0201522000","Sanchez Mira","02","0215","021522"
"262","0201523000","Santa Ana","02","0215","021523"
"263","0201524000","Santa Praxedes","02","0215","021524"
"264","0201525000","Santa Teresita","02","0215","021525"
"265","0201526000","Santo Niño","02","0215","021526"
"266","0201527000","Solana","02","0215","021527"
"267","0201528000","Tuao","02","0215","021528"
"268","0201529000","Tuguegarao City ","02","0215","021529"
"269","0203101000","Alicia","02","0231","023101"
"270","0203102000","Angadanan","02","0231","023102"
"271","0203103000","Aurora","02","0231","023103"
"272","0203104000","Benito Soliven","02","0231","023104"
"273","0203105000","Burgos","02","0231","023105"
"274","0203106000","Cabagan","02","0231","023106"
"275","0203107000","Cabatuan","02","0231","023107"
"276","0203108000","City of Cauayan","02","0231","023108"
"277","0203109000","Cordon","02","0231","023109"
"278","0203110000","Dinapigue","02","0231","023110"
"279","0203111000","Divilacan","02","0231","023111"
"280","0203112000","Echague","02","0231","023112"
"281","0203113000","Gamu","02","0231","023113"
"282","0203114000","City of Ilagan ","02","0231","023114"
"283","0203115000","Jones","02","0231","023115"
"284","0203116000","Luna","02","0231","023116"
"285","0203117000","Maconacon","02","0231","023117"
"286","0203118000","Delfin Albano","02","0231","023118"
"287","0203119000","Mallig","02","0231","023119"
"288","0203120000","Naguilian","02","0231","023120"
"289","0203121000","Palanan","02","0231","023121"
"290","0203122000","Quezon","02","0231","023122"
"291","0203123000","Quirino","02","0231","023123"
"292","0203124000","Ramon","02","0231","023124"
"293","0203125000","Reina Mercedes","02","0231","023125"
"294","0203126000","Roxas","02","0231","023126"
"295","0203127000","San Agustin","02","0231","023127"
"296","0203128000","San Guillermo","02","0231","023128"
"297","0203129000","San Isidro","02","0231","023129"
"298","0203130000","San Manuel","02","0231","023130"
"299","0203131000","San Mariano","02","0231","023131"
"300","0203132000","San Mateo","02","0231","023132"
"301","0203133000","San Pablo","02","0231","023133"
"302","0203134000","Santa Maria","02","0231","023134"
"303","0203135000","City of Santiago","02","0231","023135"
"304","0203136000","Santo Tomas","02","0231","023136"
"305","0203137000","Tumauini","02","0231","023137"
"306","0205001000","Ambaguio","02","0250","025001"
"307","0205002000","Aritao","02","0250","025002"
"308","0205003000","Bagabag","02","0250","025003"
"309","0205004000","Bambang","02","0250","025004"
"310","0205005000","Bayombong ","02","0250","025005"
"311","0205006000","Diadi","02","0250","025006"
"312","0205007000","Dupax del Norte","02","0250","025007"
"313","0205008000","Dupax del Sur","02","0250","025008"
"314","0205009000","Kasibu","02","0250","025009"
"315","0205010000","Kayapa","02","0250","025010"
"316","0205011000","Quezon","02","0250","025011"
"317","0205012000","Santa Fe","02","0250","025012"
"318","0205013000","Solano","02","0250","025013"
"319","0205014000","Villaverde","02","0250","025014"
"320","0205015000","Alfonso Castaneda","02","0250","025015"
"321","0205701000","Aglipay","02","0257","025701"
"322","0205702000","Cabarroguis ","02","0257","025702"
"323","0205703000","Diffun","02","0257","025703"
"324","0205704000","Maddela","02","0257","025704"
"325","0205705000","Saguday","02","0257","025705"
"326","0205706000","Nagtipunan","02","0257","025706"
"327","0300801000","Abucay","03","0308","030801"
"328","0300802000","Bagac","03","0308","030802"
"329","0300803000","City of Balanga ","03","0308","030803"
"330","0300804000","Dinalupihan","03","0308","030804"
"331","0300805000","Hermosa","03","0308","030805"
"332","0300806000","Limay","03","0308","030806"
"333","0300807000","Mariveles","03","0308","030807"
"334","0300808000","Morong","03","0308","030808"
"335","0300809000","Orani","03","0308","030809"
"336","0300810000","Orion","03","0308","030810"
"337","0300811000","Pilar","03","0308","030811"
"338","0300812000","Samal","03","0308","030812"
"339","0301401000","Angat","03","0314","031401"
"340","0301402000","Balagtas","03","0314","031402"
"341","0301403000","City of Baliwag","03","0314","031403"
"342","0301404000","Bocaue","03","0314","031404"
"343","0301405000","Bulacan","03","0314","031405"
"344","0301406000","Bustos","03","0314","031406"
"345","0301407000","Calumpit","03","0314","031407"
"346","0301408000","Guiguinto","03","0314","031408"
"347","0301409000","Hagonoy","03","0314","031409"
"348","0301410000","City of Malolos ","03","0314","031410"
"349","0301411000","Marilao","03","0314","031411"
"350","0301412000","City of Meycauayan","03","0314","031412"
"351","0301413000","Norzagaray","03","0314","031413"
"352","0301414000","Obando","03","0314","031414"
"353","0301415000","Pandi","03","0314","031415"
"354","0301416000","Paombong","03","0314","031416"
"355","0301417000","Plaridel","03","0314","031417"
"356","0301418000","Pulilan","03","0314","031418"
"357","0301419000","San Ildefonso","03","0314","031419"
"358","0301420000","City of San Jose Del Monte","03","0314","031420"
"359","0301421000","San Miguel","03","0314","031421"
"360","0301422000","San Rafael","03","0314","031422"
"361","0301423000","Santa Maria","03","0314","031423"
"362","0301424000","Doña Remedios Trinidad","03","0314","031424"
"363","0304901000","Aliaga","03","0349","034901"
"364","0304902000","Bongabon","03","0349","034902"
"365","0304903000","City of Cabanatuan","03","0349","034903"
"366","0304904000","Cabiao","03","0349","034904"
"367","0304905000","Carranglan","03","0349","034905"
"368","0304906000","Cuyapo","03","0349","034906"
"369","0304907000","Gabaldon","03","0349","034907"
"370","0304908000","City of Gapan","03","0349","034908"
"371","0304909000","General Mamerto Natividad","03","0349","034909"
"372","0304910000","General Tinio","03","0349","034910"
"373","0304911000","Guimba","03","0349","034911"
"374","0304912000","Jaen","03","0349","034912"
"375","0304913000","Laur","03","0349","034913"
"376","0304914000","Licab","03","0349","034914"
"377","0304915000","Llanera","03","0349","034915"
"378","0304916000","Lupao","03","0349","034916"
"379","0304917000","Science City of Muñoz","03","0349","034917"
"380","0304918000","Nampicuan","03","0349","034918"
"381","0304919000","City of Palayan ","03","0349","034919"
"382","0304920000","Pantabangan","03","0349","034920"
"383","0304921000","Peñaranda","03","0349","034921"
"384","0304922000","Quezon","03","0349","034922"
"385","0304923000","Rizal","03","0349","034923"
"386","0304924000","San Antonio","03","0349","034924"
"387","0304925000","San Isidro","03","0349","034925"
"388","0304926000","San Jose City","03","0349","034926"
"389","0304927000","San Leonardo","03","0349","034927"
"390","0304928000","Santa Rosa","03","0349","034928"
"391","0304929000","Santo Domingo","03","0349","034929"
"392","0304930000","Talavera","03","0349","034930"
"393","0304931000","Talugtug","03","0349","034931"
"394","0304932000","Zaragoza","03","0349","034932"
"395","0305402000","Apalit","03","0354","035402"
"396","0305403000","Arayat","03","0354","035403"
"397","0305404000","Bacolor","03","0354","035404"
"398","0305405000","Candaba","03","0354","035405"
"399","0305406000","Floridablanca","03","0354","035406"
"400","0305407000","Guagua","03","0354","035407"
"401","0305408000","Lubao","03","0354","035408"
"402","0305409000","Mabalacat City","03","0354","035409"
"403","0305410000","Macabebe","03","0354","035410"
"404","0305411000","Magalang","03","0354","035411"
"405","0305412000","Masantol","03","0354","035412"
"406","0305413000","Mexico","03","0354","035413"
"407","0305414000","Minalin","03","0354","035414"
"408","0305415000","Porac","03","0354","035415"
"409","0305416000","City of San Fernando ","03","0354","035416"
"410","0305417000","San Luis","03","0354","035417"
"411","0305418000","San Simon","03","0354","035418"
"412","0305419000","Santa Ana","03","0354","035419"
"413","0305420000","Santa Rita","03","0354","035420"
"414","0305421000","Sto. Tomas","03","0354","035421"
"415","0305422000","Sasmuan","03","0354","035422"
"416","0306901000","Anao","03","0369","036901"
"417","0306902000","Bamban","03","0369","036902"
"418","0306903000","Camiling","03","0369","036903"
"419","0306904000","Capas","03","0369","036904"
"420","0306905000","Concepcion","03","0369","036905"
"421","0306906000","Gerona","03","0369","036906"
"422","0306907000","La Paz","03","0369","036907"
"423","0306908000","Mayantoc","03","0369","036908"
"424","0306909000","Moncada","03","0369","036909"
"425","0306910000","Paniqui","03","0369","036910"
"426","0306911000","Pura","03","0369","036911"
"427","0306912000","Ramos","03","0369","036912"
"428","0306913000","San Clemente","03","0369","036913"
"429","0306914000","San Manuel","03","0369","036914"
"430","0306915000","Santa Ignacia","03","0369","036915"
"431","0306916000","City of Tarlac ","03","0369","036916"
"432","0306917000","Victoria","03","0369","036917"
"433","0306918000","San Jose","03","0369","036918"
"434","0307101000","Botolan","03","0371","037101"
"435","0307102000","Cabangan","03","0371","037102"
"436","0307103000","Candelaria","03","0371","037103"
"437","0307104000","Castillejos","03","0371","037104"
"438","0307105000","Iba ","03","0371","037105"
"439","0307106000","Masinloc","03","0371","037106"
"440","0307108000","Palauig","03","0371","037108"
"441","0307109000","San Antonio","03","0371","037109"
"442","0307110000","San Felipe","03","0371","037110"
"443","0307111000","San Marcelino","03","0371","037111"
"444","0307112000","San Narciso","03","0371","037112"
"445","0307113000","Santa Cruz","03","0371","037113"
"446","0307114000","Subic","03","0371","037114"
"447","0307701000","Baler ","03","0377","037701"
"448","0307702000","Casiguran","03","0377","037702"
"449","0307703000","Dilasag","03","0377","037703"
"450","0307704000","Dinalungan","03","0377","037704"
"451","0307705000","Dingalan","03","0377","037705"
"452","0307706000","Dipaculao","03","0377","037706"
"453","0307707000","Maria Aurora","03","0377","037707"
"454","0307708000","San Luis","03","0377","037708"
"455","0330100000","City of Angeles","03","0354","035401"
"456","0331400000","City of Olongapo","03","0371","037107"
"457","0401001000","Agoncillo","04","0410","041001"
"458","0401002000","Alitagtag","04","0410","041002"
"459","0401003000","Balayan","04","0410","041003"
"460","0401004000","Balete","04","0410","041004"
"461","0401005000","Batangas City ","04","0410","041005"
"462","0401006000","Bauan","04","0410","041006"
"463","0401007000","City of Calaca","04","0410","041007"
"464","0401008000","Calatagan","04","0410","041008"
"465","0401009000","Cuenca","04","0410","041009"
"466","0401010000","Ibaan","04","0410","041010"
"467","0401011000","Laurel","04","0410","041011"
"468","0401012000","Lemery","04","0410","041012"
"469","0401013000","Lian","04","0410","041013"
"470","0401014000","City of Lipa","04","0410","041014"
"471","0401015000","Lobo","04","0410","041015"
"472","0401016000","Mabini","04","0410","041016"
"473","0401017000","Malvar","04","0410","041017"
"474","0401018000","Mataasnakahoy","04","0410","041018"
"475","0401019000","Nasugbu","04","0410","041019"
"476","0401020000","Padre Garcia","04","0410","041020"
"477","0401021000","Rosario","04","0410","041021"
"478","0401022000","San Jose","04","0410","041022"
"479","0401023000","San Juan","04","0410","041023"
"480","0401024000","San Luis","04","0410","041024"
"481","0401025000","San Nicolas","04","0410","041025"
"482","0401026000","San Pascual","04","0410","041026"
"483","0401027000","Santa Teresita","04","0410","041027"
"484","0401028000","City of Sto. Tomas","04","0410","041028"
"485","0401029000","Taal","04","0410","041029"
"486","0401030000","Talisay","04","0410","041030"
"487","0401031000","City of Tanauan","04","0410","041031"
"488","0401032000","Taysan","04","0410","041032"
"489","0401033000","Tingloy","04","0410","041033"
"490","0401034000","Tuy","04","0410","041034"
"491","0402101000","Alfonso","04","0421","042101"
"492","0402102000","Amadeo","04","0421","042102"
"493","0402103000","City of Bacoor","04","0421","042103"
"494","0402104000","City of Carmona","04","0421","042104"
"495","0402105000","City of Cavite","04","0421","042105"
"496","0402106000","City of Dasmariñas","04","0421","042106"
"497","0402107000","General Emilio Aguinaldo","04","0421","042107"
"498","0402108000","City of General Trias","04","0421","042108"
"499","0402109000","City of Imus","04","0421","042109"
"500","0402110000","Indang","04","0421","042110"
"501","0402111000","Kawit","04","0421","042111"
"502","0402112000","Magallanes","04","0421","042112"
"503","0402113000","Maragondon","04","0421","042113"
"504","0402114000","Mendez","04","0421","042114"
"505","0402115000","Naic","04","0421","042115"
"506","0402116000","Noveleta","04","0421","042116"
"507","0402117000","Rosario","04","0421","042117"
"508","0402118000","Silang","04","0421","042118"
"509","0402119000","City of Tagaytay","04","0421","042119"
"510","0402120000","Tanza","04","0421","042120"
"511","0402121000","Ternate","04","0421","042121"
"512","0402122000","City of Trece Martires ","04","0421","042122"
"513","0402123000","Gen. Mariano Alvarez","04","0421","042123"
"514","0403401000","Alaminos","04","0434","043401"
"515","0403402000","Bay","04","0434","043402"
"516","0403403000","City of Biñan","04","0434","043403"
"517","0403404000","City of Cabuyao","04","0434","043404"
"518","0403405000","City of Calamba","04","0434","043405"
"519","0403406000","Calauan","04","0434","043406"
"520","0403407000","Cavinti","04","0434","043407"
"521","0403408000","Famy","04","0434","043408"
"522","0403409000","Kalayaan","04","0434","043409"
"523","0403410000","Liliw","04","0434","043410"
"524","0403411000","Los Baños","04","0434","043411"
"525","0403412000","Luisiana","04","0434","043412"
"526","0403413000","Lumban","04","0434","043413"
"527","0403414000","Mabitac","04","0434","043414"
"528","0403415000","Magdalena","04","0434","043415"
"529","0403416000","Majayjay","04","0434","043416"
"530","0403417000","Nagcarlan","04","0434","043417"
"531","0403418000","Paete","04","0434","043418"
"532","0403419000","Pagsanjan","04","0434","043419"
"533","0403420000","Pakil","04","0434","043420"
"534","0403421000","Pangil","04","0434","043421"
"535","0403422000","Pila","04","0434","043422"
"536","0403423000","Rizal","04","0434","043423"
"537","0403424000","City of San Pablo","04","0434","043424"
"538","0403425000","City of San Pedro","04","0434","043425"
"539","0403426000","Santa Cruz ","04","0434","043426"
"540","0403427000","Santa Maria","04","0434","043427"
"541","0403428000","City of Santa Rosa","04","0434","043428"
"542","0403429000","Siniloan","04","0434","043429"
"543","0403430000","Victoria","04","0434","043430"
"544","0405601000","Agdangan","04","0456","045601"
"545","0405602000","Alabat","04","0456","045602"
"546","0405603000","Atimonan","04","0456","045603"
"547","0405605000","Buenavista","04","0456","045605"
"548","0405606000","Burdeos","04","0456","045606"
"549","0405607000","Calauag","04","0456","045607"
"550","0405608000","Candelaria","04","0456","045608"
"551","0405610000","Catanauan","04","0456","045610"
"552","0405615000","Dolores","04","0456","045615"
"553","0405616000","General Luna","04","0456","045616"
"554","0405617000","General Nakar","04","0456","045617"
"555","0405618000","Guinayangan","04","0456","045618"
"556","0405619000","Gumaca","04","0456","045619"
"557","0405620000","Infanta","04","0456","045620"
"558","0405621000","Jomalig","04","0456","045621"
"559","0405622000","Lopez","04","0456","045622"
"560","0405623000","Lucban","04","0456","045623"
"561","0405625000","Macalelon","04","0456","045625"
"562","0405627000","Mauban","04","0456","045627"
"563","0405628000","Mulanay","04","0456","045628"
"564","0405629000","Padre Burgos","04","0456","045629"
"565","0405630000","Pagbilao","04","0456","045630"
"566","0405631000","Panukulan","04","0456","045631"
"567","0405632000","Patnanungan","04","0456","045632"
"568","0405633000","Perez","04","0456","045633"
"569","0405634000","Pitogo","04","0456","045634"
"570","0405635000","Plaridel","04","0456","045635"
"571","0405636000","Polillo","04","0456","045636"
"572","0405637000","Quezon","04","0456","045637"
"573","0405638000","Real","04","0456","045638"
"574","0405639000","Sampaloc","04","0456","045639"
"575","0405640000","San Andres","04","0456","045640"
"576","0405641000","San Antonio","04","0456","045641"
"577","0405642000","San Francisco","04","0456","045642"
"578","0405644000","San Narciso","04","0456","045644"
"579","0405645000","Sariaya","04","0456","045645"
"580","0405646000","Tagkawayan","04","0456","045646"
"581","0405647000","City of Tayabas","04","0456","045647"
"582","0405648000","Tiaong","04","0456","045648"
"583","0405649000","Unisan","04","0456","045649"
"584","0405801000","Angono","04","0458","045801"
"585","0405802000","City of Antipolo ","04","0458","045802"
"586","0405803000","Baras","04","0458","045803"
"587","0405804000","Binangonan","04","0458","045804"
"588","0405805000","Cainta","04","0458","045805"
"589","0405806000","Cardona","04","0458","045806"
"590","0405807000","Jala-Jala","04","0458","045807"
"591","0405808000","Rodriguez","04","0458","045808"
"592","0405809000","Morong","04","0458","045809"
"593","0405810000","Pililla","04","0458","045810"
"594","0405811000","San Mateo","04","0458","045811"
"595","0405812000","Tanay","04","0458","045812"
"596","0405813000","Taytay","04","0458","045813"
"597","0405814000","Teresa","04","0458","045814"
"598","0431200000","City of Lucena ","04","0456","045624"
"599","1704001000","Boac ","17","1740","174001"
"600","1704002000","Buenavista","17","1740","174002"
"601","1704003000","Gasan","17","1740","174003"
"602","1704004000","Mogpog","17","1740","174004"
"603","1704005000","Santa Cruz","17","1740","174005"
"604","1704006000","Torrijos","17","1740","174006"
"605","1705101000","Abra De Ilog","17","1751","175101"
"606","1705102000","Calintaan","17","1751","175102"
"607","1705103000","Looc","17","1751","175103"
"608","1705104000","Lubang","17","1751","175104"
"609","1705105000","Magsaysay","17","1751","175105"
"610","1705106000","Mamburao ","17","1751","175106"
"611","1705107000","Paluan","17","1751","175107"
"612","1705108000","Rizal","17","1751","175108"
"613","1705109000","Sablayan","17","1751","175109"
"614","1705110000","San Jose","17","1751","175110"
"615","1705111000","Santa Cruz","17","1751","175111"
"616","1705201000","Baco","17","1752","175201"
"617","1705202000","Bansud","17","1752","175202"
"618","1705203000","Bongabong","17","1752","175203"
"619","1705204000","Bulalacao","17","1752","175204"
"620","1705205000","City of Calapan ","17","1752","175205"
"621","1705206000","Gloria","17","1752","175206"
"622","1705207000","Mansalay","17","1752","175207"
"623","1705208000","Naujan","17","1752","175208"
"624","1705209000","Pinamalayan","17","1752","175209"
"625","1705210000","Pola","17","1752","175210"
"626","1705211000","Puerto Galera","17","1752","175211"
"627","1705212000","Roxas","17","1752","175212"
"628","1705213000","San Teodoro","17","1752","175213"
"629","1705214000","Socorro","17","1752","175214"
"630","1705215000","Victoria","17","1752","175215"
"631","1705301000","Aborlan","17","1753","175301"
"632","1705302000","Agutaya","17","1753","175302"
"633","1705303000","Araceli","17","1753","175303"
"634","1705304000","Balabac","17","1753","175304"
"635","1705305000","Bataraza","17","1753","175305"
"636","1705306000","Brooke's Point","17","1753","175306"
"637","1705307000","Busuanga","17","1753","175307"
"638","1705308000","Cagayancillo","17","1753","175308"
"639","1705309000","Coron","17","1753","175309"
"640","1705310000","Cuyo","17","1753","175310"
"641","1705311000","Dumaran","17","1753","175311"
"642","1705312000","El Nido","17","1753","175312"
"643","1705313000","Linapacan","17","1753","175313"
"644","1705314000","Magsaysay","17","1753","175314"
"645","1705315000","Narra","17","1753","175315"
"646","1705317000","Quezon","17","1753","175317"
"647","1705318000","Roxas","17","1753","175318"
"648","1705319000","San Vicente","17","1753","175319"
"649","1705320000","Taytay","17","1753","175320"
"650","1705321000","Kalayaan","17","1753","175321"
"651","1705322000","Culion","17","1753","175322"
"652","1705323000","Dr. Jose P. Rizal","17","1753","175323"
"653","1705324000","Sofronio Española","17","1753","175324"
"654","1705901000","Alcantara","17","1759","175901"
"655","1705902000","Banton","17","1759","175902"
"656","1705903000","Cajidiocan","17","1759","175903"
"657","1705904000","Calatrava","17","1759","175904"
"658","1705905000","Concepcion","17","1759","175905"
"659","1705906000","Corcuera","17","1759","175906"
"660","1705907000","Looc","17","1759","175907"
"661","1705908000","Magdiwang","17","1759","175908"
"662","1705909000","Odiongan","17","1759","175909"
"663","1705910000","Romblon ","17","1759","175910"
"664","1705911000","San Agustin","17","1759","175911"
"665","1705912000","San Andres","17","1759","175912"
"666","1705913000","San Fernando","17","1759","175913"
"667","1705914000","San Jose","17","1759","175914"
"668","1705915000","Santa Fe","17","1759","175915"
"669","1705916000","Ferrol","17","1759","175916"
"670","1705917000","Santa Maria","17","1759","175917"
"671","1731500000","City of Puerto Princesa ","17","1753","175316"
"672","0500501000","Bacacay","05","0505","050501"
"673","0500502000","Camalig","05","0505","050502"
"674","0500503000","Daraga","05","0505","050503"
"675","0500504000","Guinobatan","05","0505","050504"
"676","0500505000","Jovellar","05","0505","050505"
"677","0500506000","City of Legazpi ","05","0505","050506"
"678","0500507000","Libon","05","0505","050507"
"679","0500508000","City of Ligao","05","0505","050508"
"680","0500509000","Malilipot","05","0505","050509"
"681","0500510000","Malinao","05","0505","050510"
"682","0500511000","Manito","05","0505","050511"
"683","0500512000","Oas","05","0505","050512"
"684","0500513000","Pio Duran","05","0505","050513"
"685","0500514000","Polangui","05","0505","050514"
"686","0500515000","Rapu-Rapu","05","0505","050515"
"687","0500516000","Santo Domingo","05","0505","050516"
"688","0500517000","City of Tabaco","05","0505","050517"
"689","0500518000","Tiwi","05","0505","050518"
"690","0501601000","Basud","05","0516","051601"
"691","0501602000","Capalonga","05","0516","051602"
"692","0501603000","Daet ","05","0516","051603"
"693","0501604000","San Lorenzo Ruiz","05","0516","051604"
"694","0501605000","Jose Panganiban","05","0516","051605"
"695","0501606000","Labo","05","0516","051606"
"696","0501607000","Mercedes","05","0516","051607"
"697","0501608000","Paracale","05","0516","051608"
"698","0501609000","San Vicente","05","0516","051609"
"699","0501610000","Santa Elena","05","0516","051610"
"700","0501611000","Talisay","05","0516","051611"
"701","0501612000","Vinzons","05","0516","051612"
"702","0501701000","Baao","05","0517","051701"
"703","0501702000","Balatan","05","0517","051702"
"704","0501703000","Bato","05","0517","051703"
"705","0501704000","Bombon","05","0517","051704"
"706","0501705000","Buhi","05","0517","051705"
"707","0501706000","Bula","05","0517","051706"
"708","0501707000","Cabusao","05","0517","051707"
"709","0501708000","Calabanga","05","0517","051708"
"710","0501709000","Camaligan","05","0517","051709"
"711","0501710000","Canaman","05","0517","051710"
"712","0501711000","Caramoan","05","0517","051711"
"713","0501712000","Del Gallego","05","0517","051712"
"714","0501713000","Gainza","05","0517","051713"
"715","0501714000","Garchitorena","05","0517","051714"
"716","0501715000","Goa","05","0517","051715"
"717","0501716000","City of Iriga","05","0517","051716"
"718","0501717000","Lagonoy","05","0517","051717"
"719","0501718000","Libmanan","05","0517","051718"
"720","0501719000","Lupi","05","0517","051719"
"721","0501720000","Magarao","05","0517","051720"
"722","0501721000","Milaor","05","0517","051721"
"723","0501722000","Minalabac","05","0517","051722"
"724","0501723000","Nabua","05","0517","051723"
"725","0501724000","City of Naga","05","0517","051724"
"726","0501725000","Ocampo","05","0517","051725"
"727","0501726000","Pamplona","05","0517","051726"
"728","0501727000","Pasacao","05","0517","051727"
"729","0501728000","Pili ","05","0517","051728"
"730","0501729000","Presentacion","05","0517","051729"
"731","0501730000","Ragay","05","0517","051730"
"732","0501731000","Sagñay","05","0517","051731"
"733","0501732000","San Fernando","05","0517","051732"
"734","0501733000","San Jose","05","0517","051733"
"735","0501734000","Sipocot","05","0517","051734"
"736","0501735000","Siruma","05","0517","051735"
"737","0501736000","Tigaon","05","0517","051736"
"738","0501737000","Tinambac","05","0517","051737"
"739","0502001000","Bagamanoc","05","0520","052001"
"740","0502002000","Baras","05","0520","052002"
"741","0502003000","Bato","05","0520","052003"
"742","0502004000","Caramoran","05","0520","052004"
"743","0502005000","Gigmoto","05","0520","052005"
"744","0502006000","Pandan","05","0520","052006"
"745","0502007000","Panganiban","05","0520","052007"
"746","0502008000","San Andres","05","0520","052008"
"747","0502009000","San Miguel","05","0520","052009"
"748","0502010000","Viga","05","0520","052010"
"749","0502011000","Virac ","05","0520","052011"
"750","0504101000","Aroroy","05","0541","054101"
"751","0504102000","Baleno","05","0541","054102"
"752","0504103000","Balud","05","0541","054103"
"753","0504104000","Batuan","05","0541","054104"
"754","0504105000","Cataingan","05","0541","054105"
"755","0504106000","Cawayan","05","0541","054106"
"756","0504107000","Claveria","05","0541","054107"
"757","0504108000","Dimasalang","05","0541","054108"
"758","0504109000","Esperanza","05","0541","054109"
"759","0504110000","Mandaon","05","0541","054110"
"760","0504111000","City of Masbate ","05","0541","054111"
"761","0504112000","Milagros","05","0541","054112"
"762","0504113000","Mobo","05","0541","054113"
"763","0504114000","Monreal","05","0541","054114"
"764","0504115000","Palanas","05","0541","054115"
"765","0504116000","Pio V. Corpus","05","0541","054116"
"766","0504117000","Placer","05","0541","054117"
"767","0504118000","San Fernando","05","0541","054118"
"768","0504119000","San Jacinto","05","0541","054119"
"769","0504120000","San Pascual","05","0541","054120"
"770","0504121000","Uson","05","0541","054121"
"771","0506202000","Barcelona","05","0562","056202"
"772","0506203000","Bulan","05","0562","056203"
"773","0506204000","Bulusan","05","0562","056204"
"774","0506205000","Casiguran","05","0562","056205"
"775","0506206000","Castilla","05","0562","056206"
"776","0506207000","Donsol","05","0562","056207"
"777","0506208000","Gubat","05","0562","056208"
"778","0506209000","Irosin","05","0562","056209"
"779","0506210000","Juban","05","0562","056210"
"780","0506211000","Magallanes","05","0562","056211"
"781","0506212000","Matnog","05","0562","056212"
"782","0506213000","Pilar","05","0562","056213"
"783","0506214000","Prieto Diaz","05","0562","056214"
"784","0506215000","Santa Magdalena","05","0562","056215"
"785","0506216000","City of Sorsogon ","05","0562","056216"
